{"license":"","file_hash":null,"name":"Brown ii","version":"2021.12.5","description":"Nodes used for Geometry and Revit ","group":"","keywords":null,"dependencies":[{"name":"LinkDWG","version":"0.3.82"}],"contents":"Curve.IsPolycurve - find Is polycurve or not, Point.CurveStartPointsAtLength - Use this node for Eg. Pipe Support start with distance and make chorld length with forward option and use as also Curve.PointsAtChordLengthFromPoint by forward false, Point.InsideCircle - Point Inside Circle, Point.PolygonCentriod - To find Closed curve polygon center Point., Revit.CADBlockToFamily - Instance Family to CAD Block Location Point and family instance need LinkDWG, Tessellation.ConvexHull_ByPoints - Tessellation.ConvexHull_ByPoints, Tessellation.Index.LeastPoint - Maximum Point from the Random Point, Tessellation.Index.MaxPoint - Find maximum Point from the Random Point, Vector.CoordinateToAngle - Angle for vector coordiante and 2pi","engine_version":"2.1.0.7733","engine":"dynamo","engine_metadata":"","site_url":"","repository_url":"","contains_binaries":false,"node_libraries":[]}