{"license":"","file_hash":null,"name":"LinkDWG","version":"0.2.2","description":"Inspired by DynamoCAD and BimorphNodes, LinkDWG provides data access to both active AutoCAD files and DWG as ImportInstance, LinkDWG can provide direct properties' data extraction from current AutoCAD into Dynamo as well as the geometries of basic AutoCAD objects including line, arc, polyline, 3dface etc. Enhanced LinkDWG can also provide powerful nodes to read and modify Dynamic proterties of AutoCAD Dynamic Blocks, and to use the AutoCAD ObjectDBX technology to directly read DWG file in background and import into Dynamo.","group":"","keywords":["dwg","autocad","block","objectdbx"],"dependencies":[],"contents":"ActiveX.3DFaceOrSolidProperties - Get COM 3DFace or Solid properties, ActiveX.3DpolyFromLWPolyline - Convert LWPolyline into 3DPolyline in AutoCAD, if input is already 3DPoly, then change the curve type, ActiveX.3DSolidProperties - Get the properties of COM 3D Solid, ActiveX.ArcProperties - Get COM arc properties, ActiveX.AttributeProperties - Get COM Attribute properties, ActiveX.BlockProperties - Get COM Block properties, ActiveX.CircleProperties - Get COM circle properties, ActiveX.CloseDocument - Close AutoCAD document, ActiveX.ColorProperties - Get object color properties of COM object, ActiveX.COMObjectProperties - Get properties of COM Object, ActiveX.EllipseProperties - Get properties of COM Ellipse object, ActiveX.ExportGeometry - Export Dynamo basic geometries(line, arc, curve, surface) on designated layername and color into current active AutoCAD document, ActiveX.ExportStringAsText - Export text string into AutoCAD Text, ActiveX.GetBoundingBox - Get the AutoCAD boundingbox data of COM Object, ActiveX.GetCOMObjects - Get various objects (points, blocks, attributes, text, mtexts, polylines, spline, 3dfaces) from AutoCAD Active SelectionSet or layout, need to generate an AutoCAD selectionset if using active selectionset, ActiveX.GetHatchPatternLines - Get the pattern lines of COM Hatch object, ActiveX.GetOrCreateACADApp - Get active or launch a new AutoCAD application, ActiveX.GroupByObjectName - Group the COM objects by their ObjectName property, ActiveX.Handle2COMObject - Convert between COM Object and it's handle string, ActiveX.HatchProperties - Get COM circle properties, ActiveX.ImportGeometriesByCOM - Import geometries of COM Objects into Dynamo, ActiveX.ImportGeometriesByLayer - Import basic geometries (point, line, circle, arc, polyline, spline, 3dface, meshes) from certain layer of active AutoCAD, ActiveX.ImportGeometriesBySSET - Import curves from Active AutoCAD SelectionSet, need to generate a selectionset in AutoCAD before running this node, ActiveX.KillACADApp - Quit linked AutoCAD, ActiveX.Layers - Get active AutoCAD layers list, ActiveX.LineProperties - Get COM line properties, ActiveX.LinkRevitUniqueID - Create new invisible texts in AutoCAD new \"DynamoLinkDWG\" Layer to record the links between COM Object and Revit UniqueID string, ActiveX.MeshProperties - Get properties of COM Mesh object, ActiveX.MTextProperties - Get COM TEXT/MTEXT properties, ActiveX.PointProperties - Get COM point properties, ActiveX.PolylineProperties - Get the COM LWPolyline properties, ActiveX.RegionProperties - Get the properties of COM Region, ActiveX.SetPropertyValueByName - Set the COM object's property value by giving propertie's name, DynamicBlock.COMObjects2Block - Create block in AutoCAD from input COM Objects , DynamicBlock.ComponentsByBlockName - Get the component ComObjects by BlockName, DynamicBlock.DynamicProperties - Get the proerties of AutoCAD Dynamic Block, DynamicBlock.Explode - Explode the block and get the components COM Objects, DynamicBlock.NestAttributes - Get nest attribute COM object from block, DynamicBlock.SetDynamicProperty - Set the value of dynamic block property, ImportInstance.DWGPath - Get the dwg path of the ImportInstance, ImportInstance.GetCOMObjects - Get the particular COM objects (Text/MText/Attribute/Hatch) inside a linked DWG by opening and reading data via AutoCAD running in background, ImportInstance.GroupGeometriesByLayer - Group geometries in ImportInstance by their layer name and convert the inside meshes into polysurface, ImportInstance.Layers - Get layer list of linked or imported DWG, ObjectDBX.CloseDWG - Close an ObjectDBX opened DWG without saving, ObjectDBX.GetCOMObjects - Get all COM Objects from current DBX drawing, ObjectDBX.OpenDWG - Open a DWG file in ObjectDBX mode, ObjectDBX.ReadDWG - Open and load DWG geometries into Dynamo in background quietly","engine_version":"1.2.2.373","engine":"dynamo","engine_metadata":"","site_url":"","repository_url":"","contains_binaries":false,"node_libraries":[]}